organizationidentifier;orgtype;location;name;division;sourcelink;hashcode
FAA;CUSTOMER;FAA - Washington;Federal Aviation Administration (FAA);857;http://lighttree.com/FAA;b5e52560c6dfe316e18742a0514a442fd9b6e76253548a894fbb203544199242
COLA;CUSTOMER;COLA - Los Alamos;City of Los Alamos;8991;http://lighttree.com/COLA;a09c9f426485b86ae949b986e6de40b97f9855b9c43ec44b0897aae3e2d27682
QPWD;CUSTOMER;QPWD - Ville de Qu√©bec;Quebec Public Works Department;13893;http://lighttree.com/QPWD;a7d2fd6fddb78b47fb23b72ea4e5a7f7f03a2d53bda749d16b36767f5587f8e4
MAHD;CUSTOMER;MAHD - Boston;Massachusetts Highway Department (Mass Highway);924;http://lighttree.com/MAHD;de35db9870bc828f3981d1491ff34ec5bff6119626c136b9b3971da78f21c86d
KYTC;CUSTOMER;KYTC - Lexington;Kentucky Transportation Cabinet (KYTC);694;http://lighttree.com/KYTC;83728bbf5805a9d86e2492a0287b9927d335e7eb686cc940a0b53753f65bda27
NYDOT;CUSTOMER;NYDOT - New Rochelle;New York Department of Transportation;1860;http://lighttree.com/NYDOT;f612f2f2761b42df05a7f73439059c28262fe353c20cd4fa479787cb6e5f2159
CALTRAN;CUSTOMER;CALTRAN - San Diego;California Department of Transportation (Caltrans);9328;http://lighttree.com/CALTRAN;4f95032e8d803afd4304e6407034a7dd6fff71d995b5dc3e6e5690446d2f67f8
AHTD;CUSTOMER;AHTD - Bentonville;Arkansas State Highway and Transportation Dept (AHTD);12136;http://lighttree.com/AHTD;f17ae7d06c1fd40b3f6c2176cccc7f61fb91aeb3a1977e4aa3b24b8579b6e719
Alumi-lux;SUPPLIER;Alumi-lux - Nashua;Alumi-lux Metal Products;14345;http://lighttree.com/Alumi-lux;883027db664e7812b3a523d63665974521d0614c0f3008b50dc2792881508322
Amos;SUPPLIER;Amos - Philadelphia;Amos Wire Products Inc;1844;http://lighttree.com/Amos;b721b07d0ea5870f3f46943293c657eaf0ec15466e24615c1e50b22ab2fc1e02
Autonomic;SUPPLIER;Autonomic - Morgantown;Autonomic Specialties;9668;http://lighttree.com/Autonomic;b85c7123e400b8850bf51dbe557f2964a51a269726072b0928727d3639643e37
Benchmark;SUPPLIER;Benchmark - Wheaton;Benchmark Lighting;1528;http://lighttree.com/Benchmark;0c9de3e524e6beda3d6680287277aa23b0621c7d1f4eb8033de3f025ae4c3bc0
Brewers;SUPPLIER;Brewers - Phoenix;Brewers Manufacturing;6176;http://lighttree.com/Brewers;3e3950a44f85f34acec4b1442e84094222d1943619a565a6a107f97046677bee
Core;SUPPLIER;Core - Saranac Lake;Core Components of North America;4643;http://lighttree.com/Core;6ca69d8521c752afecc7186108db7f641c1ec6c00d6e91d5d64611639cd270de
Corporal;SUPPLIER;Corporal - Tulsa;Corporal Brass;7970;http://lighttree.com/Corporal;7b51be84f3adcf965b73a467d3b050f0eb52285814ff3e0abf140e65a1f26325
EM;SUPPLIER;EM - Hemphill;Engineered Materials;4050;http://lighttree.com/EM;10043b885050364739c98fb039c7a5c4f9aefcf16b0cb7c79214583ee39d0e21
Exclusive;SUPPLIER;Exclusive - Billings;Exclusive Plastics;2144;http://lighttree.com/Exclusive;547e12bdfdb18472058c1a2c0f6f29225940aab955172da70c292a5a36f0f7c9
F & M;SUPPLIER;F & M - Columbus;F & M Metals;12639;http://lighttree.com/F & M;ed5cf1ddcf10873ca45970ffa5a8d327f09646170d52b098758ac3328bb84309
Flexilux;SUPPLIER;Flexilux - Worcester;Flexilux Industries;5005;http://lighttree.com/Flexilux;f1f7726b351fefff9628e6211b2334abef850acf8c848ed6dd8b7941b512e6b2
Gaylor;SUPPLIER;Gaylor - Ocean Springs;Gaylor Design;5016;http://lighttree.com/Gaylor;ead0fd7637216bfaa5cc5c5dc7cace606840977b43e44406b5f8c52591ee7e8f
Gemini;SUPPLIER;Gemini - Dallas;Gemini Design Technology;14819;http://lighttree.com/Gemini;10057c94487bd6e00cb32aa9e97c30d8a26700ccec0b37bad938b981cf53c195
Glickman;SUPPLIER;Glickman - Waterford;Glickman Lighting;8934;http://lighttree.com/Glickman;8da9ba2795e13eb780969646514d670ba7fe866225e7bdb61150f80105c586e5
Groulsh;SUPPLIER;Groulsh - Charleston;Groulsh Industries;10539;http://lighttree.com/Groulsh;f4e8880ae58e134e0f74e1e7acb6e54c6c14dbc7b9d00374d15b20f836316c77
Hardy;SUPPLIER;Hardy - Salina;Hardy Industries;6055;http://lighttree.com/Hardy;c86d09c33fd62df132395147b5be39074f9a5d994ad751f6d5b4aa2ebf1a40d3
Holloway;SUPPLIER;Holloway - Phoenix;Holloway Lighting Parts;10024;http://lighttree.com/Holloway;765efa808510929e79e502e435a82680d496c6a0d7b10bd21228f4001dedf2d5
Howard;SUPPLIER;Howard - Vineyard Haven;Howard Plastics;2634;http://lighttree.com/Howard;8478d6a2de3b733b783ff5de984be8a4c60c76e1ebdccb353040fefccc5808b1
Interalloy;SUPPLIER;Interalloy - Bozeman;Interalloy Corporation;10181;http://lighttree.com/Interalloy;0a30878c8b0c213a8e3cc4832b6a67983185738803abfb1411ed161c2ddfe668
J&R;SUPPLIER;J&R - Montgomery;J&R Plastics;14562;http://lighttree.com/J&R;463c24e457612db8788e3f8a50cd92ae79ab4d1972fd423502407ca05e2132a0
Lex;SUPPLIER;Lex - Ocean Pines;Lex Filters;3975;http://lighttree.com/Lex;2738feb1bb5b49cb3e709bdea8c6b532f2774e71d6c27727cd5ed4cc16900cc2
LightLens;SUPPLIER;LightLens - Ipswich ;LightLens Industries;12466;http://lighttree.com/LightLens;656066d6dd212739dc90d48adda1cee828d8e7a6e2ae8db10af4017bbd22bd80
Litesource;SUPPLIER;Litesource - San Antonio;Litesource Chrystal;11831;http://lighttree.com/Litesource;7eeedea501602b6a5328d0094425b8ed8e910e20fa288cd7961c5d884a6aa323
Lorel;SUPPLIER;Lorel - Sioux Falls;Lorel Lamps Parts;9721;http://lighttree.com/Lorel;ef5d9ea58b66c0bee6a3182b07651dc097b4fdb1b9580fc0ef21b5e2cde9a2a6
Luminar;SUPPLIER;Luminar - Palm Beach Gardens;Luminar Lines;4652;http://lighttree.com/Luminar;c4fb88e4ce93cf415660b9f10fbfd7008f7ad1f05d84eef90bd901f1cd308442
McGrey;SUPPLIER;McGrey - Mt Sterling;McGrey Electrical;4991;http://lighttree.com/McGrey;fa0f0fe5c57900f40c0a633646c57dfa5ecba25c52a5bfe3483ff7092268508c
Mueller;SUPPLIER;Mueller - Pittsburgh;Mueller OEM;14788;http://lighttree.com/Mueller;d57725ae905240d4f9569fdf908a9d1ed6aa15bc80211aebe0d0abaa5896c38e
Paltronix;SUPPLIER;Paltronix - Wilmington;Paltronix;10775;http://lighttree.com/Paltronix;8beebd57b9f838d5bd5a85fdabf79cbf4710193c06ca764f00248cfe7c106bec
Plastico;SUPPLIER;Plastico - Glen Allen;Plastico;5707;http://lighttree.com/Plastico;2ab2079ce93dd88d0cdaa53b7993a5de952255993829697c29666f8eef665465
Plastilite;SUPPLIER;Plastilite - Scottsdale;Plastilite Corporation;3693;http://lighttree.com/Plastilite;1e895308a2b4f0eb031ed2f5b70435294c804b376e7a16263fb4e5d35c6e619f
Plexilux;SUPPLIER;Plexilux - Springfield;Plexilux;320;http://lighttree.com/Plexilux;2ef44190995a1ae0fe9ad04aa8064da93845f72c4122d90d08f4b0b13068dcd7
Press;SUPPLIER;Press - Albany;Press Lite Industries;1996;http://lighttree.com/Press;0e914634e01b97031c61fd51b1fb82db286fcd9c099e42207adb6ad9cf4f5393
R&J;SUPPLIER;R&J - Vancouver;R&J Lamp Supply;2394;http://lighttree.com/R&J;64c49c4e3dd4a839a16ce292ace0a262bcd2d1d77380f5905b7f48c27a1d7040
R.G.D.;SUPPLIER;R.G.D. - Oxon Hill;R.G.D. Lighting Components;6294;http://lighttree.com/R.G.D.;9373cb1edde82f305701572f27a14bed33c6157eed35338b9973cab1a4ee803e
Ripley;SUPPLIER;Ripley - Trenton;Ripley Controls;14017;http://lighttree.com/Ripley;34d524c0c9dbeb56eea167507a390aba2013ae75c22d07142e687187e9aeb506
RLP;SUPPLIER;RLP - Troy;RLP Lighting Components;3937;http://lighttree.com/RLP;4c8ff6cfdb95001b4f60905729d42cb2092f382347949bf8b6efb74d4601854f
Robinson;SUPPLIER;Robinson - Sacramento;Robinson Glass;264;http://lighttree.com/Robinson;633274ab024bc3425aa823108fad5cd94732c76b0fae3cd8a8bb157ccf581efd
RSQ;SUPPLIER;RSQ - Narragansett;RSQ Lighting;2749;http://lighttree.com/RSQ;0e5dfae1ea5bfd2071883dda221d3628219c52338ce2fce4d92e65263bfed040
Rylo;SUPPLIER;Rylo - Spiro;Rylo Thermic Shields;6068;http://lighttree.com/Rylo;4d3be825d1188cf3ab314f4325aa4f2c820e8afb61735b80895465a26bc65554
SA;SUPPLIER;SA - Loretto;SA Lighting;3421;http://lighttree.com/SA;59cdc607595ea112e30d7fdc3d255e483284caa07caff1a5465cb99073ea4531
Salco;SUPPLIER;Salco - Atlanta;Salco;14112;http://lighttree.com/Salco;2a95f8ba9801f869480dcb0094e86beb550f153867ae7fba098ec2debd9a6ce9
SilverOptics;SUPPLIER;SilverOptics - Dover;SilverOptics;12816;http://lighttree.com/SilverOptics;d66427268d0a4253d72ade508dd6a13a5aa254640446dfa3b6ab4f3d67b471ea
Southwestern;SUPPLIER;Southwestern - Woodland;Southwestern Louver Company;12285;http://lighttree.com/Southwestern;8580d0ba1ae9531c39939bf29c09289850796787f262dc580770afd3eab43c46
Special;SUPPLIER;Special - Southlake;Special Effects Light Co;11586;http://lighttree.com/Special;5f754ccd665f02967faf1f3c5809b6d984700c736654284d3ff7053bb6fe420c
Thermal;SUPPLIER;Thermal - Cincinnati;Thermal Surface Systems;14140;http://lighttree.com/Thermal;5b64bb40365e6f5e0cf84aa97fd63fe96b0936ec52479dcc6efe9682bd6807e6
Total Source;SUPPLIER;Total Source - Waukesha;Total Source Extrusion Corporation;3905;http://lighttree.com/Total Source;375e7f3867c45858a355a789d2df507e0451500376c463e338918294d694d6b0
Venice;SUPPLIER;Venice - Artesia;Venice Lamp and Shade;8029;http://lighttree.com/Venice;298e4558a7fadff1599407c3c3712b13608a0ab9f260a1fea10c136afc0ccd31
AFX;CARRIER;AFX - El Paso;Air Freight Express;9701;http://lighttree.com/AFX;a21141c816dbef021772879bb156abeabfc91a5a4e17c1b09104b00ba7ccdace
Dunham;CARRIER;Dunham - Centralia;Dunham Lines;7047;http://lighttree.com/Dunham;f37c7df0433f4d6cf40b66e7944c88a9b5fa6841654d4ab0c1c161978eace13d
NatEx;CARRIER;NatEx - Pawtucket;NatEx;7700;http://lighttree.com/NatEx;5037afba33a93507e3472b95b650c254014b75ca22395bef0368faef4eee110b
TransOceanic;CARRIER;TransOceanic - Slater;TransOceanic;10750;http://lighttree.com/TransOceanic;82515fdaa2a17a16900409f4aaf992883d0a1892008506656e4f989d31f33171
UXS;CARRIER;UXS - Madison;UXS;9448;http://lighttree.com/UXS;60e82771c5a21faec57dfe733e944cd6360cbfb3c89c62dfe921f3c1094a9dd4
TranEx;CARRIER;TranEx - Kansas City;TranEx;7271;http://lighttree.com/TranEx;ddd014a509ae9cfbe87306a5641396519daaf0703a90f5b577454586d268f773
RPS;CARRIER;RPS - Philadelphia;RPS;11532;http://lighttree.com/RPS;67b86c56c706fa1c31a81798238b6b6b4eff5d7ed3eb1304c160ecbfbee3a5e2
