organizationIdentifier;orgType;location;name;division;sourceLink
LightTree;OPERATIONS;LT-1;LightTree;14887;http://lighttree.com
FAA;CUSTOMER;FAA - Washington;Federal Aviation Administration (FAA);857;http://lighttree.com/FAA
COLA;CUSTOMER;COLA - Los Alamos;City of Los Alamos;8991;http://lighttree.com/COLA
QPWD;CUSTOMER;QPWD - Ville de Québec;Quebec Public Works Department;13893;http://lighttree.com/QPWD
MAHD;CUSTOMER;MAHD - Boston;Massachusetts Highway Department (Mass Highway);924;http://lighttree.com/MAHD
KYTC;CUSTOMER;KYTC - Lexington;Kentucky Transportation Cabinet (KYTC);694;http://lighttree.com/KYTC
NYDOT;CUSTOMER;NYDOT - New Rochelle;New York Department of Transportation;1860;http://lighttree.com/NYDOT
CALTRAN;CUSTOMER;CALTRAN - San Diego;California Department of Transportation (Caltrans);9328;http://lighttree.com/CALTRAN
AHTD;CUSTOMER;AHTD - Bentonville;Arkansas State Highway and Transportation Dept (AHTD);12136;http://lighttree.com/AHTD
Alumi-lux;SUPPLIER;Alumi-lux - Nashua;Alumi-lux Metal Products;14345;http://lighttree.com/Alumi-lux
Amos;SUPPLIER;Amos - Philadelphia;Amos Wire Products Inc;1844;http://lighttree.com/Amos
Autonomic;SUPPLIER;Autonomic - Morgantown;Autonomic Specialties;9668;http://lighttree.com/Autonomic
Benchmark;SUPPLIER;Benchmark - Wheaton;Benchmark Lighting;1528;http://lighttree.com/Benchmark
Brewers;SUPPLIER;Brewers - Phoenix;Brewers Manufacturing;6176;http://lighttree.com/Brewers
Core;SUPPLIER;Core - Saranac Lake;Core Components of North America;4643;http://lighttree.com/Core
Corporal;SUPPLIER;Corporal - Tulsa;Corporal Brass;7970;http://lighttree.com/Corporal
EM;SUPPLIER;EM - Hemphill;Engineered Materials;4050;http://lighttree.com/EM
Exclusive;SUPPLIER;Exclusive - Billings;Exclusive Plastics;2144;http://lighttree.com/Exclusive
F & M;SUPPLIER;F & M - Columbus;F & M Metals;12639;http://lighttree.com/F & M
Flexilux;SUPPLIER;Flexilux - Worcester;Flexilux Industries;5005;http://lighttree.com/Flexilux
Gaylor;SUPPLIER;Gaylor - Ocean Springs;Gaylor Design;5016;http://lighttree.com/Gaylor
Gemini;SUPPLIER;Gemini - Dallas;Gemini Design Technology;14819;http://lighttree.com/Gemini
Glickman;SUPPLIER;Glickman - Waterford;Glickman Lighting;8934;http://lighttree.com/Glickman
Groulsh;SUPPLIER;Groulsh - Charleston;Groulsh Industries;10539;http://lighttree.com/Groulsh
Hardy;SUPPLIER;Hardy - Salina;Hardy Industries;6055;http://lighttree.com/Hardy
Holloway;SUPPLIER;Holloway - Phoenix;Holloway Lighting Parts;10024;http://lighttree.com/Holloway
Howard;SUPPLIER;Howard - Vineyard Haven;Howard Plastics;2634;http://lighttree.com/Howard
Interalloy;SUPPLIER;Interalloy - Bozeman;Interalloy Corporation;10181;http://lighttree.com/Interalloy
J&R;SUPPLIER;J&R - Montgomery;J&R Plastics;14562;http://lighttree.com/J&R
Lex;SUPPLIER;Lex - Ocean Pines;Lex Filters;3975;http://lighttree.com/Lex
LightLens;SUPPLIER;LightLens - Ipswich ;LightLens Industries;12466;http://lighttree.com/LightLens
Litesource;SUPPLIER;Litesource - San Antonio;Litesource Chrystal;11831;http://lighttree.com/Litesource
Lorel;SUPPLIER;Lorel - Sioux Falls;Lorel Lamps Parts;9721;http://lighttree.com/Lorel
Luminar;SUPPLIER;Luminar - Palm Beach Gardens;Luminar Lines;4652;http://lighttree.com/Luminar
McGrey;SUPPLIER;McGrey - Mt Sterling;McGrey Electrical;4991;http://lighttree.com/McGrey
Mueller;SUPPLIER;Mueller - Pittsburgh;Mueller OEM;14788;http://lighttree.com/Mueller
Paltronix;SUPPLIER;Paltronix - Wilmington;Paltronix;10775;http://lighttree.com/Paltronix
Plastico;SUPPLIER;Plastico - Glen Allen;Plastico;5707;http://lighttree.com/Plastico
Plastilite;SUPPLIER;Plastilite - Scottsdale;Plastilite Corporation;3693;http://lighttree.com/Plastilite
Plexilux;SUPPLIER;Plexilux - Springfield;Plexilux;320;http://lighttree.com/Plexilux
Press;SUPPLIER;Press - Albany;Press Lite Industries;1996;http://lighttree.com/Press
R&J;SUPPLIER;R&J - Vancouver;R&J Lamp Supply;2394;http://lighttree.com/R&J
R.G.D.;SUPPLIER;R.G.D. - Oxon Hill;R.G.D. Lighting Components;6294;http://lighttree.com/R.G.D.
Ripley;SUPPLIER;Ripley - Trenton;Ripley Controls;14017;http://lighttree.com/Ripley
RLP;SUPPLIER;RLP - Troy;RLP Lighting Components;3937;http://lighttree.com/RLP
Robinson;SUPPLIER;Robinson - Sacramento;Robinson Glass;264;http://lighttree.com/Robinson
RSQ;SUPPLIER;RSQ - Narragansett;RSQ Lighting;2749;http://lighttree.com/RSQ
Rylo;SUPPLIER;Rylo - Spiro;Rylo Thermic Shields;6068;http://lighttree.com/Rylo
SA;SUPPLIER;SA - Loretto;SA Lighting;3421;http://lighttree.com/SA
Salco;SUPPLIER;Salco - Atlanta;Salco;14112;http://lighttree.com/Salco
SilverOptics;SUPPLIER;SilverOptics - Dover;SilverOptics;12816;http://lighttree.com/SilverOptics
Southwestern;SUPPLIER;Southwestern - Woodland;Southwestern Louver Company;12285;http://lighttree.com/Southwestern
Special;SUPPLIER;Special - Southlake;Special Effects Light Co;11586;http://lighttree.com/Special
Thermal;SUPPLIER;Thermal - Cincinnati;Thermal Surface Systems;14140;http://lighttree.com/Thermal
Total Source;SUPPLIER;Total Source - Waukesha;Total Source Extrusion Corporation;3905;http://lighttree.com/Total Source
Venice;SUPPLIER;Venice - Artesia;Venice Lamp and Shade;8029;http://lighttree.com/Venice
AFX;CARRIER;AFX - El Paso;Air Freight Express;9701;http://lighttree.com/AFX
Dunham;CARRIER;Dunham - Centralia;Dunham Lines;7047;http://lighttree.com/Dunham
NatEx;CARRIER;NatEx - Pawtucket;NatEx;7700;http://lighttree.com/NatEx
TransOceanic;CARRIER;TransOceanic - Slater;TransOceanic;10750;http://lighttree.com/TransOceanic
UXS;CARRIER;UXS - Madison;UXS;9448;http://lighttree.com/UXS
TranEx;CARRIER;TranEx - Kansas City;TranEx;7271;http://lighttree.com/TranEx
RPS;CARRIER;RPS - Philadelphia;RPS;11532;http://lighttree.com/RPS
